producer,producerStageOrder,consumer,consumerStageOrder,producerStorageType,producerTasksPerNode,consumerStorageType,consumerTasksPerNode,SPM,estT_prod,estT_cons
stage_in-sim,0.5,sim,1.0,tmpfs,1,tmpfs,2,171.70145826866948,0.0,171.70145826866948
stage_in-sim,0.5,sim,1.0,tmpfs,2,tmpfs,2,171.70145826866948,0.0,171.70145826866948
stage_in-sim,0.5,sim,1.0,tmpfs,4,tmpfs,2,171.70145826866948,0.0,171.70145826866948
stage_in-sim,0.5,sim,1.0,tmpfs,8,tmpfs,2,171.70145826866948,0.0,171.70145826866948
stage_in-sim,0.5,sim,1.0,tmpfs,16,tmpfs,2,171.70145826866948,0.0,171.70145826866948
stage_in-sim,0.5,sim,1.0,tmpfs,32,tmpfs,2,171.70145826866948,0.0,171.70145826866948
stage_in-sim,0.5,sim,1.0,tmpfs,33,tmpfs,2,171.70145826866948,0.0,171.70145826866948
stage_in-sim,0.5,sim,1.0,tmpfs,60,tmpfs,2,171.70145826866948,0.0,171.70145826866948
stage_in-sim,0.5,sim,1.0,beegfs,1,beegfs,2,313.7247553303227,0.0,313.7247553303227
stage_in-sim,0.5,sim,1.0,beegfs,2,beegfs,2,313.7247553303227,0.0,313.7247553303227
stage_in-sim,0.5,sim,1.0,beegfs,4,beegfs,2,313.7247553303227,0.0,313.7247553303227
stage_in-sim,0.5,sim,1.0,beegfs,8,beegfs,2,313.7247553303227,0.0,313.7247553303227
stage_in-sim,0.5,sim,1.0,beegfs,16,beegfs,2,313.7247553303227,0.0,313.7247553303227
stage_in-sim,0.5,sim,1.0,beegfs,32,beegfs,2,313.7247553303227,0.0,313.7247553303227
stage_in-sim,0.5,sim,1.0,beegfs,33,beegfs,2,313.7247553303227,0.0,313.7247553303227
stage_in-sim,0.5,sim,1.0,beegfs,60,beegfs,2,313.7247553303227,0.0,313.7247553303227
stage_in-sim,0.5,sim,1.0,ssd,1,ssd,2,1835.7377720902841,0.0,1835.7377720902841
stage_in-sim,0.5,sim,1.0,ssd,2,ssd,2,1835.7377720902841,0.0,1835.7377720902841
stage_in-sim,0.5,sim,1.0,ssd,4,ssd,2,1835.7377720902841,0.0,1835.7377720902841
stage_in-sim,0.5,sim,1.0,ssd,8,ssd,2,1835.7377720902841,0.0,1835.7377720902841
stage_in-sim,0.5,sim,1.0,ssd,16,ssd,2,1835.7377720902841,0.0,1835.7377720902841
stage_in-sim,0.5,sim,1.0,ssd,32,ssd,2,1835.7377720902841,0.0,1835.7377720902841
stage_in-sim,0.5,sim,1.0,ssd,33,ssd,2,1835.7377720902841,0.0,1835.7377720902841
stage_in-sim,0.5,sim,1.0,ssd,60,ssd,2,1835.7377720902841,0.0,1835.7377720902841
stage_in-sim,0.5,sim,1.0,tmpfs-beegfs,4,beegfs,2,6050.503926989201,5736.779171658879,313.7247553303227
stage_in-sim,0.5,sim,1.0,beegfs-ssd,4,ssd,2,6206.139628390632,4370.401856300348,1835.7377720902841
stage_in-sim,0.5,sim,1.0,beegfs-tmpfs,4,tmpfs,2,7494.538352092416,7322.836893823746,171.70145826866948
stage_in-sim,0.5,sim,1.0,tmpfs-beegfs,2,beegfs,2,9682.010381431115,9368.285626100793,313.7247553303227
stage_in-sim,0.5,sim,1.0,beegfs-ssd,2,ssd,2,10162.978632865772,8327.240860775488,1835.7377720902841
stage_in-sim,0.5,sim,1.0,beegfs-tmpfs,2,tmpfs,2,11061.391442872271,10889.689984603601,171.70145826866948
stage_in-sim,0.5,sim,1.0,ssd-beegfs,4,beegfs,2,30722.024014056005,30408.29925872568,313.7247553303227
stage_in-sim,0.5,sim,1.0,tmpfs-tmpfs,4,tmpfs,2,34053.6590469909,33881.95758872223,171.70145826866948
stage_in-sim,0.5,sim,1.0,ssd-ssd,4,ssd,2,35679.3445890352,33843.60681694492,1835.7377720902841
stage_in-sim,0.5,sim,1.0,ssd-beegfs,2,beegfs,2,39808.327914561625,39494.6031592313,313.7247553303227
stage_in-sim,0.5,sim,1.0,tmpfs-tmpfs,2,tmpfs,2,67863.14644491252,67691.44498664385,171.70145826866948
stage_in-sim,0.5,sim,1.0,ssd-ssd,2,ssd,2,69395.75253473445,67560.01476264416,1835.7377720902841
stage_in-analysis,0.5,analysis,2.0,tmpfs,1,tmpfs,2,21.462682282889634,0.0,21.462682282889634
stage_in-analysis,0.5,analysis,2.0,tmpfs,2,tmpfs,2,21.462682282889634,0.0,21.462682282889634
stage_in-analysis,0.5,analysis,2.0,tmpfs,4,tmpfs,2,21.462682282889634,0.0,21.462682282889634
stage_in-analysis,0.5,analysis,2.0,tmpfs,8,tmpfs,2,21.462682282889634,0.0,21.462682282889634
stage_in-analysis,0.5,analysis,2.0,tmpfs,16,tmpfs,2,21.462682282889634,0.0,21.462682282889634
stage_in-analysis,0.5,analysis,2.0,tmpfs,32,tmpfs,2,21.462682282889634,0.0,21.462682282889634
stage_in-analysis,0.5,analysis,2.0,tmpfs,33,tmpfs,2,21.462682282889634,0.0,21.462682282889634
stage_in-analysis,0.5,analysis,2.0,tmpfs,60,tmpfs,2,21.462682282889634,0.0,21.462682282889634
stage_in-analysis,0.5,analysis,2.0,beegfs,1,beegfs,2,39.215594415022196,0.0,39.215594415022196
stage_in-analysis,0.5,analysis,2.0,beegfs,2,beegfs,2,39.215594415022196,0.0,39.215594415022196
stage_in-analysis,0.5,analysis,2.0,beegfs,4,beegfs,2,39.215594415022196,0.0,39.215594415022196
stage_in-analysis,0.5,analysis,2.0,beegfs,8,beegfs,2,39.215594415022196,0.0,39.215594415022196
stage_in-analysis,0.5,analysis,2.0,beegfs,16,beegfs,2,39.215594415022196,0.0,39.215594415022196
stage_in-analysis,0.5,analysis,2.0,beegfs,32,beegfs,2,39.215594415022196,0.0,39.215594415022196
stage_in-analysis,0.5,analysis,2.0,beegfs,33,beegfs,2,39.215594415022196,0.0,39.215594415022196
stage_in-analysis,0.5,analysis,2.0,beegfs,60,beegfs,2,39.215594415022196,0.0,39.215594415022196
stage_in-analysis,0.5,analysis,2.0,ssd,1,ssd,2,229.4672215038651,0.0,229.4672215038651
stage_in-analysis,0.5,analysis,2.0,ssd,2,ssd,2,229.4672215038651,0.0,229.4672215038651
stage_in-analysis,0.5,analysis,2.0,ssd,4,ssd,2,229.4672215038651,0.0,229.4672215038651
stage_in-analysis,0.5,analysis,2.0,ssd,8,ssd,2,229.4672215038651,0.0,229.4672215038651
stage_in-analysis,0.5,analysis,2.0,ssd,16,ssd,2,229.4672215038651,0.0,229.4672215038651
stage_in-analysis,0.5,analysis,2.0,ssd,32,ssd,2,229.4672215038651,0.0,229.4672215038651
stage_in-analysis,0.5,analysis,2.0,ssd,33,ssd,2,229.4672215038651,0.0,229.4672215038651
stage_in-analysis,0.5,analysis,2.0,ssd,60,ssd,2,229.4672215038651,0.0,229.4672215038651
stage_in-analysis,0.5,analysis,2.0,beegfs-ssd,8,ssd,2,7978.766961708393,7749.299740204528,229.4672215038651
stage_in-analysis,0.5,analysis,2.0,tmpfs-beegfs,8,beegfs,2,9534.859625438767,9495.644031023745,39.215594415022196
stage_in-analysis,0.5,analysis,2.0,beegfs-tmpfs,8,tmpfs,2,9999.651613004227,9978.188930721337,21.462682282889634
stage_in-analysis,0.5,analysis,2.0,beegfs-ssd,4,ssd,2,14797.393177699229,14567.925956195364,229.4672215038651
stage_in-analysis,0.5,analysis,2.0,beegfs-ssd,2,ssd,2,16660.262066331048,16654.481721550976,5.780344780073867
stage_in-analysis,0.5,analysis,2.0,tmpfs-beegfs,4,beegfs,2,16714.04351841398,16674.827923998957,39.215594415022196
stage_in-analysis,0.5,analysis,2.0,beegfs-tmpfs,4,tmpfs,2,17523.764190575752,17502.30150829286,21.462682282889634
stage_in-analysis,0.5,analysis,2.0,tmpfs-beegfs,2,beegfs,2,18771.457440632956,18736.571252201586,34.88618843137116
stage_in-analysis,0.5,analysis,2.0,beegfs-tmpfs,2,tmpfs,2,21789.134709983184,21779.379969207203,9.754740775981073
stage_in-analysis,0.5,analysis,2.0,tmpfs-beegfs,1,beegfs,2,29593.514309643826,29554.298715228804,39.215594415022196
stage_in-analysis,0.5,analysis,2.0,beegfs-tmpfs,1,tmpfs,2,34302.59112029549,34281.1284380126,21.462682282889634
stage_in-analysis,0.5,analysis,2.0,beegfs-ssd,1,ssd,2,34990.37872978936,34760.91150828549,229.4672215038651
stage_in-analysis,0.5,analysis,2.0,ssd-beegfs,8,beegfs,2,60448.066785285635,60408.85119087061,39.215594415022196
stage_in-analysis,0.5,analysis,2.0,ssd-ssd,8,ssd,2,67935.27071974249,67705.80349823863,229.4672215038651
stage_in-analysis,0.5,analysis,2.0,tmpfs-tmpfs,8,tmpfs,2,68031.22938932467,68009.76670704178,21.462682282889634
stage_in-analysis,0.5,analysis,2.0,ssd-beegfs,4,beegfs,2,78173.55889810291,78134.34330368789,39.215594415022196
stage_in-analysis,0.5,analysis,2.0,ssd-beegfs,2,beegfs,2,79024.09250689397,78989.2063184626,34.88618843137116
stage_in-analysis,0.5,analysis,2.0,ssd-beegfs,1,beegfs,2,85153.51405743994,85114.29846302491,39.215594415022196
stage_in-analysis,0.5,analysis,2.0,tmpfs-tmpfs,1,tmpfs,2,135186.6821786802,135165.2194963973,21.462682282889634
stage_in-analysis,0.5,analysis,2.0,ssd-ssd,1,ssd,2,135238.85742099708,135009.3901994932,229.4672215038651
stage_in-analysis,0.5,analysis,2.0,ssd-ssd,4,ssd,2,135430.9109056194,135201.44368411554,229.4672215038651
stage_in-analysis,0.5,analysis,2.0,tmpfs-tmpfs,4,tmpfs,2,135549.29303717182,135527.83035488892,21.462682282889634
sim,1.0,stage_out-sim,1.5,tmpfs,2,tmpfs,1,171.70145826866948,171.70145826866948,0.0
sim,1.0,stage_out-sim,1.5,tmpfs,2,tmpfs,2,171.70145826866948,171.70145826866948,0.0
sim,1.0,stage_out-sim,1.5,tmpfs,2,tmpfs,4,171.70145826866948,171.70145826866948,0.0
sim,1.0,stage_out-sim,1.5,tmpfs,2,tmpfs,8,171.70145826866948,171.70145826866948,0.0
sim,1.0,stage_out-sim,1.5,tmpfs,2,tmpfs,16,171.70145826866948,171.70145826866948,0.0
sim,1.0,stage_out-sim,1.5,tmpfs,2,tmpfs,32,171.70145826866948,171.70145826866948,0.0
sim,1.0,stage_out-sim,1.5,tmpfs,2,tmpfs,33,171.70145826866948,171.70145826866948,0.0
sim,1.0,stage_out-sim,1.5,tmpfs,2,tmpfs,60,171.70145826866948,171.70145826866948,0.0
sim,1.0,stage_out-sim,1.5,beegfs,2,beegfs,1,313.7247553303227,313.7247553303227,0.0
sim,1.0,stage_out-sim,1.5,beegfs,2,beegfs,2,313.7247553303227,313.7247553303227,0.0
sim,1.0,stage_out-sim,1.5,beegfs,2,beegfs,4,313.7247553303227,313.7247553303227,0.0
sim,1.0,stage_out-sim,1.5,beegfs,2,beegfs,8,313.7247553303227,313.7247553303227,0.0
sim,1.0,stage_out-sim,1.5,beegfs,2,beegfs,16,313.7247553303227,313.7247553303227,0.0
sim,1.0,stage_out-sim,1.5,beegfs,2,beegfs,32,313.7247553303227,313.7247553303227,0.0
sim,1.0,stage_out-sim,1.5,beegfs,2,beegfs,33,313.7247553303227,313.7247553303227,0.0
sim,1.0,stage_out-sim,1.5,beegfs,2,beegfs,60,313.7247553303227,313.7247553303227,0.0
sim,1.0,stage_out-sim,1.5,ssd,2,ssd,1,1835.7377720902841,1835.7377720902841,0.0
sim,1.0,stage_out-sim,1.5,ssd,2,ssd,2,1835.7377720902841,1835.7377720902841,0.0
sim,1.0,stage_out-sim,1.5,ssd,2,ssd,4,1835.7377720902841,1835.7377720902841,0.0
sim,1.0,stage_out-sim,1.5,ssd,2,ssd,8,1835.7377720902841,1835.7377720902841,0.0
sim,1.0,stage_out-sim,1.5,ssd,2,ssd,16,1835.7377720902841,1835.7377720902841,0.0
sim,1.0,stage_out-sim,1.5,ssd,2,ssd,32,1835.7377720902841,1835.7377720902841,0.0
sim,1.0,stage_out-sim,1.5,ssd,2,ssd,33,1835.7377720902841,1835.7377720902841,0.0
sim,1.0,stage_out-sim,1.5,ssd,2,ssd,60,1835.7377720902841,1835.7377720902841,0.0
sim,1.0,stage_out-sim,1.5,beegfs,2,beegfs-ssd,4,4684.126611630671,313.7247553303227,4370.401856300348
sim,1.0,stage_out-sim,1.5,tmpfs,2,tmpfs-beegfs,4,5908.480629927549,171.70145826866948,5736.779171658879
sim,1.0,stage_out-sim,1.5,beegfs,2,beegfs-tmpfs,4,7636.561649154069,313.7247553303227,7322.836893823746
sim,1.0,stage_out-sim,1.5,beegfs,2,beegfs-ssd,2,8640.96561610581,313.7247553303227,8327.240860775488
sim,1.0,stage_out-sim,1.5,tmpfs,2,tmpfs-beegfs,2,9539.987084369463,171.70145826866948,9368.285626100793
sim,1.0,stage_out-sim,1.5,beegfs,2,beegfs-tmpfs,2,11203.414739933924,313.7247553303227,10889.689984603601
sim,1.0,stage_out-sim,1.5,ssd,2,ssd-beegfs,4,32244.037030815965,1835.7377720902841,30408.29925872568
sim,1.0,stage_out-sim,1.5,tmpfs,2,tmpfs-tmpfs,4,34053.6590469909,171.70145826866948,33881.95758872223
sim,1.0,stage_out-sim,1.5,ssd,2,ssd-ssd,4,35679.3445890352,1835.7377720902841,33843.60681694492
sim,1.0,stage_out-sim,1.5,ssd,2,ssd-beegfs,2,41330.34093132158,1835.7377720902841,39494.6031592313
sim,1.0,stage_out-sim,1.5,tmpfs,2,tmpfs-tmpfs,2,67863.14644491252,171.70145826866948,67691.44498664385
sim,1.0,stage_out-sim,1.5,ssd,2,ssd-ssd,2,69395.75253473445,1835.7377720902841,67560.01476264416
sim,1.0,analysis,2.0,tmpfs,2,tmpfs,2,181.45619904465056,171.70145826866948,9.754740775981073
sim,1.0,analysis,2.0,beegfs,2,beegfs,2,348.6109437616939,313.7247553303227,34.88618843137116
sim,1.0,analysis,2.0,ssd,2,ssd,2,1841.518116870358,1835.7377720902841,5.780344780073867
analysis,2.0,stage_out-analysis,2.5,tmpfs,2,tmpfs,1,21.462682282889634,21.462682282889634,0.0
analysis,2.0,stage_out-analysis,2.5,tmpfs,2,tmpfs,2,21.462682282889634,21.462682282889634,0.0
analysis,2.0,stage_out-analysis,2.5,tmpfs,2,tmpfs,4,21.462682282889634,21.462682282889634,0.0
analysis,2.0,stage_out-analysis,2.5,tmpfs,2,tmpfs,8,21.462682282889634,21.462682282889634,0.0
analysis,2.0,stage_out-analysis,2.5,tmpfs,2,tmpfs,16,21.462682282889634,21.462682282889634,0.0
analysis,2.0,stage_out-analysis,2.5,tmpfs,2,tmpfs,32,21.462682282889634,21.462682282889634,0.0
analysis,2.0,stage_out-analysis,2.5,tmpfs,2,tmpfs,33,21.462682282889634,21.462682282889634,0.0
analysis,2.0,stage_out-analysis,2.5,tmpfs,2,tmpfs,60,21.462682282889634,21.462682282889634,0.0
analysis,2.0,stage_out-analysis,2.5,beegfs,2,beegfs,1,39.215594415022196,39.215594415022196,0.0
analysis,2.0,stage_out-analysis,2.5,beegfs,2,beegfs,2,39.215594415022196,39.215594415022196,0.0
analysis,2.0,stage_out-analysis,2.5,beegfs,2,beegfs,4,39.215594415022196,39.215594415022196,0.0
analysis,2.0,stage_out-analysis,2.5,beegfs,2,beegfs,8,39.215594415022196,39.215594415022196,0.0
analysis,2.0,stage_out-analysis,2.5,beegfs,2,beegfs,16,39.215594415022196,39.215594415022196,0.0
analysis,2.0,stage_out-analysis,2.5,beegfs,2,beegfs,32,39.215594415022196,39.215594415022196,0.0
analysis,2.0,stage_out-analysis,2.5,beegfs,2,beegfs,33,39.215594415022196,39.215594415022196,0.0
analysis,2.0,stage_out-analysis,2.5,beegfs,2,beegfs,60,39.215594415022196,39.215594415022196,0.0
analysis,2.0,stage_out-analysis,2.5,ssd,2,ssd,1,229.4672215038651,229.4672215038651,0.0
analysis,2.0,stage_out-analysis,2.5,ssd,2,ssd,2,229.4672215038651,229.4672215038651,0.0
analysis,2.0,stage_out-analysis,2.5,ssd,2,ssd,4,229.4672215038651,229.4672215038651,0.0
analysis,2.0,stage_out-analysis,2.5,ssd,2,ssd,8,229.4672215038651,229.4672215038651,0.0
analysis,2.0,stage_out-analysis,2.5,ssd,2,ssd,16,229.4672215038651,229.4672215038651,0.0
analysis,2.0,stage_out-analysis,2.5,ssd,2,ssd,32,229.4672215038651,229.4672215038651,0.0
analysis,2.0,stage_out-analysis,2.5,ssd,2,ssd,33,229.4672215038651,229.4672215038651,0.0
analysis,2.0,stage_out-analysis,2.5,ssd,2,ssd,60,229.4672215038651,229.4672215038651,0.0
analysis,2.0,stage_out-analysis,2.5,beegfs,2,beegfs-ssd,8,7788.515334619549,39.215594415022196,7749.299740204528
analysis,2.0,stage_out-analysis,2.5,tmpfs,2,tmpfs-beegfs,8,9517.106713306635,21.462682282889634,9495.644031023745
analysis,2.0,stage_out-analysis,2.5,beegfs,2,beegfs-tmpfs,8,10017.404525136359,39.215594415022196,9978.188930721337
analysis,2.0,stage_out-analysis,2.5,beegfs,2,beegfs-ssd,4,14607.141550610386,39.215594415022196,14567.925956195364
analysis,2.0,stage_out-analysis,2.5,beegfs,2,beegfs-ssd,2,16693.697315965997,39.215594415022196,16654.481721550976
analysis,2.0,stage_out-analysis,2.5,tmpfs,2,tmpfs-beegfs,4,16696.290606281847,21.462682282889634,16674.827923998957
analysis,2.0,stage_out-analysis,2.5,beegfs,2,beegfs-tmpfs,4,17541.517102707883,39.215594415022196,17502.30150829286
analysis,2.0,stage_out-analysis,2.5,tmpfs,2,tmpfs-beegfs,2,18758.033934484476,21.462682282889634,18736.571252201586
analysis,2.0,stage_out-analysis,2.5,beegfs,2,beegfs-tmpfs,2,21818.595563622224,39.215594415022196,21779.379969207203
analysis,2.0,stage_out-analysis,2.5,tmpfs,2,tmpfs-beegfs,1,29575.761397511695,21.462682282889634,29554.298715228804
analysis,2.0,stage_out-analysis,2.5,beegfs,2,beegfs-tmpfs,1,34320.34403242762,39.215594415022196,34281.1284380126
analysis,2.0,stage_out-analysis,2.5,beegfs,2,beegfs-ssd,1,34800.12710270051,39.215594415022196,34760.91150828549
analysis,2.0,stage_out-analysis,2.5,ssd,2,ssd-beegfs,8,60638.31841237448,229.4672215038651,60408.85119087061
analysis,2.0,stage_out-analysis,2.5,ssd,2,ssd-ssd,8,67935.27071974249,229.4672215038651,67705.80349823863
analysis,2.0,stage_out-analysis,2.5,tmpfs,2,tmpfs-tmpfs,8,68031.22938932467,21.462682282889634,68009.76670704178
analysis,2.0,stage_out-analysis,2.5,ssd,2,ssd-beegfs,4,78363.81052519174,229.4672215038651,78134.34330368789
analysis,2.0,stage_out-analysis,2.5,ssd,2,ssd-beegfs,2,79218.67353996646,229.4672215038651,78989.2063184626
analysis,2.0,stage_out-analysis,2.5,ssd,2,ssd-beegfs,1,85343.76568452877,229.4672215038651,85114.29846302491
analysis,2.0,stage_out-analysis,2.5,tmpfs,2,tmpfs-tmpfs,1,135186.6821786802,21.462682282889634,135165.2194963973
analysis,2.0,stage_out-analysis,2.5,ssd,2,ssd-ssd,1,135238.85742099708,229.4672215038651,135009.3901994932
analysis,2.0,stage_out-analysis,2.5,ssd,2,ssd-ssd,2,135349.4967467922,229.4672215038651,135120.02952528832
analysis,2.0,stage_out-analysis,2.5,tmpfs,2,tmpfs-tmpfs,2,135404.3526555706,21.462682282889634,135382.8899732877
analysis,2.0,stage_out-analysis,2.5,ssd,2,ssd-ssd,4,135430.9109056194,229.4672215038651,135201.44368411554
analysis,2.0,stage_out-analysis,2.5,tmpfs,2,tmpfs-tmpfs,4,135549.29303717182,21.462682282889634,135527.83035488892
analysis,2.0,aggregate,3.0,tmpfs,2,tmpfs,1,32.719298087155465,21.462682282889634,11.25661580426583
analysis,2.0,aggregate,3.0,beegfs,2,beegfs,1,79.25598521498485,39.215594415022196,40.04039079996265
analysis,2.0,aggregate,3.0,ssd,2,ssd,1,236.82246642628598,229.4672215038651,7.355244922420892
stage_in-aggregate,2.5,aggregate,3.0,ssd,1,ssd,1,7.355244922420892,0.0,7.355244922420892
stage_in-aggregate,2.5,aggregate,3.0,ssd,2,ssd,1,7.355244922420892,0.0,7.355244922420892
stage_in-aggregate,2.5,aggregate,3.0,ssd,4,ssd,1,7.355244922420892,0.0,7.355244922420892
stage_in-aggregate,2.5,aggregate,3.0,ssd,8,ssd,1,7.355244922420892,0.0,7.355244922420892
stage_in-aggregate,2.5,aggregate,3.0,ssd,16,ssd,1,7.355244922420892,0.0,7.355244922420892
stage_in-aggregate,2.5,aggregate,3.0,ssd,32,ssd,1,7.355244922420892,0.0,7.355244922420892
stage_in-aggregate,2.5,aggregate,3.0,ssd,33,ssd,1,7.355244922420892,0.0,7.355244922420892
stage_in-aggregate,2.5,aggregate,3.0,ssd,60,ssd,1,7.355244922420892,0.0,7.355244922420892
stage_in-aggregate,2.5,aggregate,3.0,tmpfs,1,tmpfs,1,11.25661580426583,0.0,11.25661580426583
stage_in-aggregate,2.5,aggregate,3.0,tmpfs,2,tmpfs,1,11.25661580426583,0.0,11.25661580426583
stage_in-aggregate,2.5,aggregate,3.0,tmpfs,4,tmpfs,1,11.25661580426583,0.0,11.25661580426583
stage_in-aggregate,2.5,aggregate,3.0,tmpfs,8,tmpfs,1,11.25661580426583,0.0,11.25661580426583
stage_in-aggregate,2.5,aggregate,3.0,tmpfs,16,tmpfs,1,11.25661580426583,0.0,11.25661580426583
stage_in-aggregate,2.5,aggregate,3.0,tmpfs,32,tmpfs,1,11.25661580426583,0.0,11.25661580426583
stage_in-aggregate,2.5,aggregate,3.0,tmpfs,33,tmpfs,1,11.25661580426583,0.0,11.25661580426583
stage_in-aggregate,2.5,aggregate,3.0,tmpfs,60,tmpfs,1,11.25661580426583,0.0,11.25661580426583
stage_in-aggregate,2.5,aggregate,3.0,beegfs,1,beegfs,1,40.04039079996265,0.0,40.04039079996265
stage_in-aggregate,2.5,aggregate,3.0,beegfs,2,beegfs,1,40.04039079996265,0.0,40.04039079996265
stage_in-aggregate,2.5,aggregate,3.0,beegfs,4,beegfs,1,40.04039079996265,0.0,40.04039079996265
stage_in-aggregate,2.5,aggregate,3.0,beegfs,8,beegfs,1,40.04039079996265,0.0,40.04039079996265
stage_in-aggregate,2.5,aggregate,3.0,beegfs,16,beegfs,1,40.04039079996265,0.0,40.04039079996265
stage_in-aggregate,2.5,aggregate,3.0,beegfs,32,beegfs,1,40.04039079996265,0.0,40.04039079996265
stage_in-aggregate,2.5,aggregate,3.0,beegfs,33,beegfs,1,40.04039079996265,0.0,40.04039079996265
stage_in-aggregate,2.5,aggregate,3.0,beegfs,60,beegfs,1,40.04039079996265,0.0,40.04039079996265
stage_in-aggregate,2.5,aggregate,3.0,beegfs-ssd,5,ssd,1,3985.61204086929,3978.2567959468693,7.355244922420892
stage_in-aggregate,2.5,aggregate,3.0,tmpfs-beegfs,5,beegfs,1,4838.7428750217805,4798.702484221818,40.04039079996265
stage_in-aggregate,2.5,aggregate,3.0,beegfs-tmpfs,5,tmpfs,1,5108.4812837975705,5097.224667993305,11.25661580426583
stage_in-aggregate,2.5,aggregate,3.0,beegfs-ssd,3,ssd,1,7458.248875790289,7450.8936308678685,7.355244922420892
stage_in-aggregate,2.5,aggregate,3.0,tmpfs-beegfs,3,beegfs,1,8575.947578568133,8535.90718776817,40.04039079996265
stage_in-aggregate,2.5,aggregate,3.0,beegfs-tmpfs,3,tmpfs,1,9270.67763701839,9259.421021214124,11.25661580426583
stage_in-aggregate,2.5,aggregate,3.0,ssd-beegfs,5,beegfs,1,30303.68670879023,30263.646317990264,40.04039079996265
stage_in-aggregate,2.5,aggregate,3.0,ssd-ssd,5,ssd,1,33866.32431731458,33858.96907239216,7.355244922420892
stage_in-aggregate,2.5,aggregate,3.0,tmpfs-tmpfs,5,tmpfs,1,33977.98505508454,33966.72843928027,11.25661580426583
stage_in-aggregate,2.5,aggregate,3.0,ssd-beegfs,3,beegfs,1,39216.43083817176,39176.39044737179,40.04039079996265
stage_in-aggregate,2.5,aggregate,3.0,ssd-ssd,3,ssd,1,67622.4035474677,67615.04830254527,7.355244922420892
stage_in-aggregate,2.5,aggregate,3.0,tmpfs-tmpfs,3,tmpfs,1,67783.28088509219,67772.02426928793,11.25661580426583
aggregate,3.0,stage_out-aggregate,3.5,ssd,1,ssd,1,7.355244922420892,7.355244922420892,0.0
aggregate,3.0,stage_out-aggregate,3.5,ssd,1,ssd,2,7.355244922420892,7.355244922420892,0.0
aggregate,3.0,stage_out-aggregate,3.5,ssd,1,ssd,4,7.355244922420892,7.355244922420892,0.0
aggregate,3.0,stage_out-aggregate,3.5,ssd,1,ssd,8,7.355244922420892,7.355244922420892,0.0
aggregate,3.0,stage_out-aggregate,3.5,ssd,1,ssd,16,7.355244922420892,7.355244922420892,0.0
aggregate,3.0,stage_out-aggregate,3.5,ssd,1,ssd,32,7.355244922420892,7.355244922420892,0.0
aggregate,3.0,stage_out-aggregate,3.5,ssd,1,ssd,33,7.355244922420892,7.355244922420892,0.0
aggregate,3.0,stage_out-aggregate,3.5,ssd,1,ssd,60,7.355244922420892,7.355244922420892,0.0
aggregate,3.0,stage_out-aggregate,3.5,tmpfs,1,tmpfs,1,11.25661580426583,11.25661580426583,0.0
aggregate,3.0,stage_out-aggregate,3.5,tmpfs,1,tmpfs,2,11.25661580426583,11.25661580426583,0.0
aggregate,3.0,stage_out-aggregate,3.5,tmpfs,1,tmpfs,4,11.25661580426583,11.25661580426583,0.0
aggregate,3.0,stage_out-aggregate,3.5,tmpfs,1,tmpfs,8,11.25661580426583,11.25661580426583,0.0
aggregate,3.0,stage_out-aggregate,3.5,tmpfs,1,tmpfs,16,11.25661580426583,11.25661580426583,0.0
aggregate,3.0,stage_out-aggregate,3.5,tmpfs,1,tmpfs,32,11.25661580426583,11.25661580426583,0.0
aggregate,3.0,stage_out-aggregate,3.5,tmpfs,1,tmpfs,33,11.25661580426583,11.25661580426583,0.0
aggregate,3.0,stage_out-aggregate,3.5,tmpfs,1,tmpfs,60,11.25661580426583,11.25661580426583,0.0
aggregate,3.0,stage_out-aggregate,3.5,beegfs,1,beegfs,1,40.04039079996265,40.04039079996265,0.0
aggregate,3.0,stage_out-aggregate,3.5,beegfs,1,beegfs,2,40.04039079996265,40.04039079996265,0.0
aggregate,3.0,stage_out-aggregate,3.5,beegfs,1,beegfs,4,40.04039079996265,40.04039079996265,0.0
aggregate,3.0,stage_out-aggregate,3.5,beegfs,1,beegfs,8,40.04039079996265,40.04039079996265,0.0
aggregate,3.0,stage_out-aggregate,3.5,beegfs,1,beegfs,16,40.04039079996265,40.04039079996265,0.0
aggregate,3.0,stage_out-aggregate,3.5,beegfs,1,beegfs,32,40.04039079996265,40.04039079996265,0.0
aggregate,3.0,stage_out-aggregate,3.5,beegfs,1,beegfs,33,40.04039079996265,40.04039079996265,0.0
aggregate,3.0,stage_out-aggregate,3.5,beegfs,1,beegfs,60,40.04039079996265,40.04039079996265,0.0
aggregate,3.0,stage_out-aggregate,3.5,beegfs,1,beegfs-ssd,5,4018.297186746832,40.04039079996265,3978.2567959468693
aggregate,3.0,stage_out-aggregate,3.5,tmpfs,1,tmpfs-beegfs,5,4809.959100026083,11.25661580426583,4798.702484221818
aggregate,3.0,stage_out-aggregate,3.5,beegfs,1,beegfs-tmpfs,5,5137.265058793268,40.04039079996265,5097.224667993305
aggregate,3.0,stage_out-aggregate,3.5,beegfs,1,beegfs-ssd,3,7490.934021667831,40.04039079996265,7450.8936308678685
aggregate,3.0,stage_out-aggregate,3.5,tmpfs,1,tmpfs-beegfs,3,8547.163803572437,11.25661580426583,8535.90718776817
aggregate,3.0,stage_out-aggregate,3.5,beegfs,1,beegfs-tmpfs,3,9299.461412014087,40.04039079996265,9259.421021214124
aggregate,3.0,stage_out-aggregate,3.5,tmpfs,1,tmpfs-beegfs,1,14780.288896401766,0.007852606783964737,14780.281043794981
aggregate,3.0,stage_out-aggregate,3.5,beegfs,1,beegfs-tmpfs,1,17144.209737528123,0.01295944070759648,17144.196778087415
aggregate,3.0,stage_out-aggregate,3.5,beegfs,1,beegfs-ssd,1,17384.152112308075,0.01295944070759648,17384.139152867367
aggregate,3.0,stage_out-aggregate,3.5,ssd,1,ssd-beegfs,5,30271.001562912686,7.355244922420892,30263.646317990264
aggregate,3.0,stage_out-aggregate,3.5,ssd,1,ssd-ssd,5,33866.32431731458,7.355244922420892,33858.96907239216
aggregate,3.0,stage_out-aggregate,3.5,tmpfs,1,tmpfs-tmpfs,5,33977.98505508454,11.25661580426583,33966.72843928027
aggregate,3.0,stage_out-aggregate,3.5,ssd,1,ssd-beegfs,3,39183.745692294215,7.355244922420892,39176.39044737179
aggregate,3.0,stage_out-aggregate,3.5,ssd,1,ssd-beegfs,1,42566.209507974134,0.04124086098801427,42566.16826711315
aggregate,3.0,stage_out-aggregate,3.5,ssd,1,ssd-ssd,1,67519.04245037558,0.04124086098801427,67519.0012095146
aggregate,3.0,stage_out-aggregate,3.5,tmpfs,1,tmpfs-tmpfs,1,67596.94022283988,0.007852606783964737,67596.9323702331
aggregate,3.0,stage_out-aggregate,3.5,ssd,1,ssd-ssd,3,67622.4035474677,7.355244922420892,67615.04830254527
aggregate,3.0,stage_out-aggregate,3.5,tmpfs,1,tmpfs-tmpfs,3,67783.28088509219,11.25661580426583,67772.02426928793
